uuid,date,firstname,surname,email
54KEECS4SJPF2OG0,2002-02-28,Carole,Landon,graciaflournoy@villages.comField Tags
7BUS5JMHCF8M4YZ9,1983-10-23,Cecily,Lea,mora.reiss2@gods.comField Tags
TTBBUX1N6YMVJYC0,1979-12-03,Toi,Nelms,bibibraswell@gmail.comField Tags
2B6T5KRO8CQ1RHT3,2000-12-30,Bryanna,Nathan,toi_rowe@wings.comField Tags
Z5D89XHEK8726YZD,1970-07-11,Alleen,Tarver,lisabeth0@hotmail.comField Tags
MDS8AHK84KAU11S7,2023-04-04,Riva,Ackley,eliseo3@hotmail.comField Tags
KPTJQ5ILBN4QA0BQ,1976-06-04,Libby,Foust,thomas_griggs@pressure.comField Tags
IHRVDPQPLMN2O2LX,2009-03-03,Latrina,Luong,mirtha.winston5986@sticker.toscana.itField Tags
Y37CS19YQQZYMAJE,2001-05-05,Bree,Olivarez,francene-howerton676@clinics.comField Tags
P55H31RRLVB83SM1,1994-01-09,Vito,Marlow-Derrick,delphine-lundberg-kessler5546@magazine.comField Tags
CQQJDQYB6Z4RJ9IO,1970-06-09,Twyla,Hill,bryantgreenfield@knowledgestorm.comField Tags
HVF3SQ95AHXT7OHL,1970-08-07,Consuela,Cavazos,katharynkeefe@gmail.comField Tags
S05B9D86RPI11QPJ,2011-01-11,Thu,Conners,elishaharr62920@yahoo.comField Tags
RYEQTGVGQG8HQBHI,2013-01-03,Tran,Saldivar,jackson-stratton0@contains.comField Tags
4DMFGHDM5Q3QQQVU,1989-01-04,Tasha,Bouchard,tieshadias@yahoo.comField Tags
040EVIE2L95RL7X5,2005-01-15,Antwan,Bloom,jerrod_sowell@gmail.comField Tags
VLEFUKHCL88D62PL,2006-07-08,Sebastian,Crutchfield,kyoko-hillard0@uncle.comField Tags
MU5NKE67PPJF7JZP,1983-11-13,Bethanie,Peterman,kimbery-sparkman24928@cartoon.comField Tags
GEFERQKN82ODQT31,2007-06-14,Edison,Jobe,jeaneloftis4@yahoo.comField Tags
IHNH8QZJ2PY6YHCM,1985-05-12,Lurlene,Vickers-Grantham,jessie9948@yahoo.comField Tags
MQQO16CLUM4TTISM,1994-05-29,Raymon,Paz,jenee_garner9388@aircraft.usa.museumField Tags
OCCKOOX63YDS1EAF,1984-03-19,Fanny,Swisher,sharlene-hemphill@gmail.comField Tags
3U9M6BV8HO7X7QKI,2002-10-28,Patrick,Cade,stantoncoughlin3915@papua.comField Tags
ZN4SL44DNRZ0T17M,1976-04-13,Lala,Mendoza,jennette752@anybody.katsuragi.nara.jpField Tags
RAQK5P1TCBVYP6P8,1989-01-29,Lieselotte,Breaux,toshia51@gmail.comField Tags
DEDZV3PKKETROLIO,1997-02-26,Karren,Bruce,zola.pike@gmail.comField Tags
DB8OZU85BE286GI4,2007-08-08,Ted,Halsey,blythe_vieira@chicago.comField Tags
KCQFEM2S6R6A90DP,2015-11-25,Tarah,Hein,gita_friend043@airport.comField Tags
3DEQPLRQ7SEAU8K1,2010-10-05,Thanh,Maynard,shaquana76@practical.comField Tags
GNBBDID95OIMZX2Y,2024-12-04,Bradley,Bennett,antionette-pride@tires.us.naField Tags
1ENJDOVV7XZFCJIN,2000-12-18,Lisandra,Womack,criselda23127@hotmail.comField Tags
LMGS2PKGGPCRP0CB,2022-10-25,Celestina,Reuter,marcelino3296@raw.comField Tags
D9ATAM47CABBV9ZL,1998-06-25,Ariel,Brady,gracia.dent6@unix.lamborghiniField Tags
BL1C3Z9BIUGZVVQ9,1987-03-20,Cicely,Cornish,elizabetbergman@yahoo.comField Tags
BN0JRQUVRR6F5O1C,1983-12-11,Penelope,Corcoran,rosellahancock@retain.comField Tags
KPKQPR5MLBFAVQQ4,1991-07-04,Graham,Hayward,bruce-clouse6243@gmail.comField Tags
G2MYSTOQ5CQH1HBP,2020-01-16,Thalia,Mueller,shanda-cass@wm.aogashima.tokyo.jpField Tags
XKCD9Y8E81MLQDD4,2013-09-20,Alonso,Pruitt,kylielamb@ieee.oslo.noField Tags
I8Y54B55IRA99CEH,2012-06-04,Senaida,Brunner,lamar_wahl-marcum@judicial.comField Tags
DPQX5MB5N280K4PB,2010-05-22,Felica,Sharp,flor_mallory@gmail.comField Tags
71Z8BEPFUIPCAC7F,1974-10-10,Penny,Dancy,twyla-velasco496@beaches.comField Tags
CFFHT163M9EN4SLX,1975-11-18,Mariko,Cuellar,cleora_stacy263@zero.comField Tags
UKGOR477EV0F8RBR,1990-08-02,Latia,Sessions,sharonda7@gmail.comField Tags
EV7KLCXQSISM7P54,1986-09-15,Tyree,Faber,taren.stevens@crystal.comField Tags
1SKK3XDHZ70HCQ39,1985-12-13,Magnolia,Casteel,malik940@deutsche.comField Tags
QRA3E57UAIZMQ69N,1982-02-05,Landon,Calloway,maggie_savage67569@yahoo.comField Tags
QAO8YK6NPBOI3X4Q,2014-05-29,Sunshine,Baumann,edwina7@yahoo.comField Tags
EY2UNK0N43GVDXPH,1983-11-08,Herma,Hawk,fallon84@t.comField Tags
008GQQUD8ZJIIOIJ,1971-04-30,Kathyrn,Harman,leola_mullis2617@gmail.comField Tags
YV2MQQM80LT83UPL,1993-02-15,Tamiko,Burns,delila_rapp@gmail.comField Tags
DX1RTLPFAHQP0Q9E,2024-05-11,Samual,Heim,rosie304@gmail.comField Tags
X1XB2NAGRGPGO5D7,2018-09-03,Shanna,Goolsby,codi6339@delivered.comField Tags
7V82DO0UJF1QFKQC,2015-04-01,Gudrun,Autry,bradschultz@procedures.comField Tags
436BLKZ2ESXOHEPH,1976-02-25,Arleen,Blount,sonyascarborough41@amsterdam.cc.wv.usField Tags
5796MBHLNK2XQF9B,1988-09-14,Precious,Soto,burmahoule2929@presents.or.usField Tags
FTY8IGI26RBMI7J8,1987-03-01,Cecilia,Zepeda,lena.mortensen@noble.comField Tags
95YROY9BLYDPLFAX,1998-05-10,Wilburn,Walton,yuriko96@yahoo.comField Tags
TVQAVEZ27HMHR3D2,2016-04-19,Danny,Gorham,kesha-torres85495@listen.comField Tags
9QSNHGICMJHH9R31,2008-08-08,Maud,Morrill,burton007@ciao.kujukuri.chiba.jpField Tags
VRL4ADOBLJVNL67T,1981-04-05,Migdalia,Stallings,liane.mcculloch4932@gmail.comField Tags
M24VF7HGVU4QMKSM,2012-04-20,Saran,Mccrary,alisha0479@hotmail.comField Tags
YZ63I470I3L1C53P,1994-12-29,Kris,Avery,aliza-wilmoth-zaragoza4778@guru.comField Tags
FEHM8FGQCBJ79NI5,2008-07-07,Stephan,Mcclintock,kathey.thrash@hotmail.comField Tags
G39H5IDH6VNSK3UH,2008-11-17,Karena,Montenegro,anitrawalston-matson85@gmail.comField Tags
DQZXFMKZ1F5IBQZG,2007-08-29,Latisha,Eggleston,benny-miley251@respected.bando.ibaraki.jpField Tags
T38MQSVSZCV072AY,1993-05-18,Stephaine,Keaton,tennie22@yahoo.comField Tags
KMRGIDYXZEBE11YZ,1974-02-01,Wilhelmina,Tindall,maren.kent@stem.gov.clField Tags
1IQVKMO2TZKM3R9X,1979-09-07,Graciela,Pruett,katharina_valenti@qui.comField Tags
F9TNGQP76OE6SSSN,1999-02-13,Cinda,Arce,marilynn-felton@gzip.comField Tags
69PBD7ZTSBQVARDF,1980-04-02,Vickey,Mccleary,cathi.templeton16793@regard.comField Tags
UR0UKS0ZR7NADMQQ,1983-12-25,Elvera,Vanwinkle,carlene-sanches@yahoo.comField Tags
AZB7TAM4856X6XH0,1999-06-25,Ilona,Gooden,lonicheatham@products.comField Tags
QSF13P09Q1HBCTMT,2015-10-11,Tamera,Kersey,shane.downes@nuts.comField Tags
YF66UU5C2ZM2BQLP,1996-07-24,Tressie,Prentice,clelia15@collar.hamura.tokyo.jpField Tags
MJ6QMTO9JS88NX4G,2015-03-16,Talia,Minter,lakeesha_blanco0345@required.flt.cloud.muni.czField Tags
S7R20392NHDUEY6Q,2018-09-01,Jesica,Wingfield,arlinda-fain05@maximum.internationalField Tags
B1S0HM9ZKD7AKTH4,1981-09-25,Jonas,Scruggs,vernita87@motels.comField Tags
AY6E1ARVM2Y3JFSM,1972-03-10,Jerrell,Trask,verona-enright@mustang.comField Tags
FP98837QZZ0XXKIV,2001-02-03,Quentin,Young,isabel49@gmail.comField Tags
60D5AYTJTUHFMSVU,1972-11-23,Betsey,Aquino,marcy_garrett@yahoo.comField Tags
HJ71KIV44ZDCQVZT,1998-11-15,Era,Wellman,jolenecolvin85108@stat.comField Tags
DQSHVOQDXX4TBHI9,2016-12-19,Corinna,Domingo,alison.chapin5822@beaches.comField Tags
DBQ1MHNDQYXG78E1,1995-01-29,Rea,Catalano,edmundo-noland@fail.comField Tags
G05O3A279DU08M4A,1972-06-01,Maryland,Paul,jacquelinfrost@yahoo.comField Tags
VJTLL3JHRH93895Q,2006-01-20,Kate,Brunson,arnoldoash82@manchester.frontdoorField Tags
DQ3ZKYLUTHUVZKMZ,2015-12-29,Floy,Santoro,aretha-saylor7@yahoo.comField Tags
KC9OSJCOCNM0GIHM,2005-09-03,Laurine,Selby,shaquana.lennon4@yahoo.comField Tags
5QOZDLS44OCIF3UX,1991-01-20,Zandra,Cloud,karri862@hotmail.comField Tags
PN1MMEBIGLO6IB9Y,1996-07-25,Alden,Lively,nida-varney2@sciences.cc.co.usField Tags
SBGR9TUKP13LKHZD,1999-04-22,Brain,Israel,hanh_taft@image.comField Tags
7RHQ5FRTUTNVMXG7,1976-07-15,Loriann,Ebert,randee.harwood@hotmail.comField Tags
NB22G7PEBMAMQUIX,1986-12-08,Mireille,Stephenson,marina3@gmail.comField Tags
2QFQ9BXBQ4PQ3ET2,2016-07-20,Errol,Holcomb,trinitynecaise36@yahoo.comField Tags
RQENPICV0SQ94GIH,1994-02-20,Carmela,Babb,carline.abbott2@yahoo.comField Tags
KRCVIJQQYDP718TS,1986-05-12,Jacelyn,Banks,simon33@hotmail.comField Tags
XOHXQB70I8T6OLIS,1988-02-17,Cleopatra,Lavender,marceladeane@designers.comField Tags
JCNP5GZDS1IONV83,1977-12-22,Betsey,Alfonso,rana-bowling@mobility.comField Tags
C0RDICYMM0S2NR4X,2000-08-28,Lizette,Michaud,criselda-roth045@yahoo.comField Tags
Y19XA6MQTHJ2LBQN,2007-04-16,Crissy,Herrera,kirbyaiello@assumption.comField Tags
CPTT1ALTAIUSGC8U,2004-01-20,Christin,Overby,emeline-biddle360@aspects.comField Tags
9N27VH2HA8Q2416C,1986-09-09,Wilmer,Mahaffey,geraldo53897@abortion.comField Tags
1S7S74URSVVZGQ60,1987-03-22,Cherilyn,Epperson,marylynoconnell@reporters.comField Tags
J7LH4Z6Z4IMTTUKQ,1998-06-21,Vita,Flood,jerrell_frizzell217@gmail.comField Tags
5Y38DVZI4PKUXGQT,1995-09-07,Daniella,Kellum,lady532@hotmail.comField Tags
9TSJGFUEFUJX0QEM,2013-12-20,Sherril,Dix,racquelhathaway09099@gmail.comField Tags
19UPY02SMDO56ZTK,1972-09-16,Flossie,Huntington,dayleeng-gatlin1051@hotmail.comField Tags
3XDROBJFOMBCHFZ2,2007-06-22,Mora,Van-Renfro,winfred60@lives.comField Tags
DGR6PBD3JCKIDITB,2009-09-07,Lawana,Stewart,lacy81405@yahoo.comField Tags
EBM1XQQRHFMVO3JU,2002-02-01,Jestine,Beauchamp,stephan_stapleton87152@ended.comField Tags
NRYN3JKONYNLX449,2014-04-15,Lavinia,Sumner,marcy_bickford@organizer.comField Tags
XGOV7STJJKMFO0U6,1998-04-02,Dominique,Summerlin,ressieknudsen@yahoo.comField Tags
DJL735L6683441VX,1974-08-14,Verla,Prescott,jung1@hotmail.comField Tags
4B6ID19B5FVLXSIY,2009-03-28,Chung,Sturdivant,steve356@maritime.comField Tags
0KFD8L991XLE55G7,2002-06-18,Anisha,Towns,adrianna2118@gmail.comField Tags
3NX59CD46XMOOBLZ,2000-06-24,Bennie,Major,annamarie7@demonstrated.blogspot.skField Tags
SNXQTTS341BLBK19,2024-03-05,Kendal,Logan,latoria.whitlow54218@gmail.comField Tags
0O6ERVCGR1PK2APQ,2023-04-18,Truman,Prieto,alanefulton1951@gmail.comField Tags
EE4OEBY1ZP7IYYXH,1973-02-01,Digna,Caraballo,jamalsotelo84@like.comField Tags
Q1Q1KADKJTRNXPR6,1993-07-02,Deloras,Maples,loura03@gmail.comField Tags
919KFSB89A7JRAUS,1987-10-07,Shaniqua,Albritton,inocencia.brewer@hotmail.comField Tags
QQLUC7PJHIVN8D4T,1972-05-25,Kristyn,Dupree,dawn_cate1@remix.comField Tags
D5KVP8ADD8FTIOXV,2013-03-10,Carrol,Cornell,christy-bauer-rhodes@gmail.comField Tags
2PDTB86ZLA8JD38Q,1990-04-29,Nolan,Poulin,pauline.willis@flight.comField Tags
SD59FM00LEXCLLHM,2008-02-16,Isaac,Lujan,rosaura.washington8906@hotmail.comField Tags
Z95FZILTCMSOQ6YC,2001-10-02,Reva,Donahue,magan72@divorce.comField Tags
U8I2QFFC7F7AQZBA,1998-06-13,Ken,Laws,jeannie8068@perspective.saotome.stField Tags
OJ1LZEATA1OLGQLF,1994-01-16,Shirlene,Coble,laverne45@hotmail.comField Tags
8XENYLVI9RSP47H0,2024-01-23,Genny,Frasier,kacy35569@brazil.comField Tags
Y9LRGKIP59FYPMI8,1978-11-30,Kirby,Macon-Pease,leta14@hotmail.comField Tags
EL8OMS8IJ05E2S0C,2015-10-12,Lexie,Barnard,edie23@davidson.association.museumField Tags
537EVIPNO0OQF6D8,2016-07-19,Dotty,March,leatrice-mueller2960@boxes.comField Tags
KJFM46BXPVG0UZJO,1985-07-13,Karrie,Brackett,king.malloy@nc.comField Tags
MLTD66ZP9K9GX8UX,1990-08-22,Faye,Nicholas,nicole.lanham95764@passing.blogspot.cfField Tags
245OHPP88FN85Q83,2009-09-05,Madeleine,Rees,criselda-mcduffie@gmail.comField Tags
DTGSFYP3I2BBM3HN,1999-07-12,Carli,Osburn-Baugh,colbyanglin-sander94688@spare.comField Tags
9S8O9ZXSNN8QUGUP,2000-08-29,Ai,Bryson,erica95@disco.comField Tags
TPB7SIGU02H0H04U,1983-06-30,Laurice,Mcadams,soraya-mcmillan96110@starsmerchant.minamiise.mie.jpField Tags
777MRRUC5O0I5XDF,1974-09-03,Cheri,Dube,arturopichardo36184@meaning.comField Tags
UPIC91JKK42GH6ZM,1998-08-07,Rosalia,Hadley,samirafortin389@constitutes.comField Tags
G85A68EEIQTEK8X8,1989-11-02,Miki,Duong,melynda.echevarria253@hotmail.comField Tags
KHQH2A0TSX2ON5XF,2007-05-21,Serita,Stamper,shona0@cartoons.comField Tags
VDPA7RUT0I7S5BH6,1999-12-13,Elena,Benavidez,brittny.levine82@gmail.comField Tags
NNQD4UH3U6IX8VJ3,1975-07-18,Myra,Lowery,jessenia49869@tap.comField Tags
OFP2FQ3VBUZD1U67,1976-09-16,Elna,Poston-Brennan,jessenia.beckham9@hotmail.comField Tags
V5QSU1QIMT3ZVQ37,2004-09-28,Emogene,Welch,erleneslade@webster.comField Tags
Q2X9O4LRHI8OEV3E,1981-05-14,Jule,Foley-Hull,noemi.stowe583@executive.comField Tags
1SXYVI1B17LH9K8U,1975-04-03,Felton,Hay,carin_bustos@gmail.comField Tags
UNI9F9E4QYJOB4Z9,2014-10-21,Shawana,Kruger,renay-coffey@continued.comField Tags
MZ9YM8LXTDNQZNL1,1977-03-02,Dwana,Rollins,thurmanfuchs8602@reliance.comField Tags
AQXHLC4626Q61M01,2014-03-12,Mckenzie,Ashford,claircreighton88399@medium.comField Tags
089QC3D08MQT88LD,1981-05-12,Yolonda,Donaldson,deane77639@gmail.comField Tags
KC8Q6VTT45MNL44X,1989-04-22,Kyle,Findley,natosha.fairbanks3@soviet.comField Tags
BBQPQLMJCIHGUF4E,1989-06-30,Alisa,Espinoza,emma39085@powell.comField Tags
055O7V3BD58FE1NS,1983-01-26,Waldo,Santos,albertinamcgrath-pressley598@hotmail.comField Tags
GEOZQRI4R0K31PVH,1988-12-10,Herma,Youngblood,freda5@kind.comField Tags
YQ9C8AHZGA22TL4S,2012-09-22,Israel,Hagan,adriana-nevarez3785@yahoo.comField Tags
L945GH7C3FRQHAR4,2002-11-02,Lenny,Mccleary,ada.fonseca7@introductory.comField Tags
LK0T0KVBU4SDF3E3,2010-01-12,Myron,Wilmoth,layla-kirchner3@lu.comField Tags
34NK9F13050L66KB,1983-10-24,Irene,Macon,vanna_lundberg-melendez@reasoning.comField Tags
8QBCXBV5NXMO638V,2015-10-22,Vesta,Fleck,danyelle_pack10@hotmail.comField Tags
T7R9TS6OT9ELQ5NR,1984-01-17,Glennie,Albrecht,caroline.cochran65068@nominated.comField Tags
59JI10G8RBXHZM2V,2004-01-22,Neva,Jeter,myrna7228@reload.gov.lyField Tags
UM2II69IPR9FLFZU,1995-09-05,Kaleigh,Mcleod,nanci_sepulveda3224@shot.comField Tags
FC645FY90VQ5F68O,1982-08-23,Clara,Willett,carmelitalynch@gmail.comField Tags
JU42M42XH4FLLXO1,2022-10-22,Judson,Hailey,ozella-loveless@winds.comField Tags
TA8Z5C22QI150285,1999-01-10,Frida,Scarbrough,john_sims@hotmail.comField Tags
ONKIQ0YD4D7TGROZ,1971-01-10,Concepcion,Matos,shante7840@sides.comField Tags
XTUBMVOO3PSVEHM4,2008-10-21,Elana,Moye,eleanoralink@yahoo.comField Tags
X9PVE7YHSZP9Z4CJ,1996-05-17,Tom,Handley,sharri21916@gmail.comField Tags
G31KT8ERVLDLK0X8,1982-07-26,Bernardo,Cason,harlan-vogel1@hotmail.comField Tags
F17QYLDITPUOG2G2,1982-08-13,Dakota,Harper,edgardo84@gmail.comField Tags
5IMLL3ZLCJ6IVGRL,2014-02-13,Deandrea,Parsons,norman_wayne58@active.comField Tags
6NVCR4L0EHBL3XUJ,1970-03-14,Caroll,Peterman,tracee762@gmail.comField Tags
BH735KNER3IPS3GH,2018-08-14,Hiram,Merrick,senabeckett23470@gmail.comField Tags
0D88928O0DLGEYI1,1984-07-31,Zackary,Capps,catherine85472@graduated.comField Tags
LLH8B0VZA97DD0UQ,2013-10-31,Kacy,Kimbrell,althea4@mrs.comField Tags
7TOP3RYLKV1N06HX,1991-01-07,Miquel,Yeager,sharika_thurman556@temporal.comField Tags
44SYEQGP8UZNJS6I,2005-08-25,Carlo,Upton,federicohinds@star.is-into-cars.comField Tags
L1J2EXBFP8YNGT4G,2008-12-29,Beulah,Beatty,tim-vallejo@lenders.comField Tags
32F2EYHVAC5RBMI5,1983-11-14,Scott,Minter,fae.eason-clements@verify.comField Tags
89RAXMHI3OB1PMF1,1984-04-12,Marcelina,Newton,raymundoangel00@gmail.comField Tags
FZS68YN9YXDZ2GDE,1976-04-28,Hilario,Forte,sherrell.sylvester80559@yahoo.comField Tags
MY8TRHKKJ230M8A2,1983-02-21,Mae,Vergara,tressie_rupert@yahoo.comField Tags
C3ZJQ46IRIT6EBY0,1988-10-17,Clayton,Donohue,robin118@yahoo.comField Tags
7XR3SANA5VQ8RQ0T,2008-09-19,Twanna,Quinones,lawerence-clegg01773@yahoo.comField Tags
BD6JQBPLTUY6UYQB,2018-09-10,Martina,Markley,marcellus91663@standing.comField Tags
5SAKCN9VXO99ESV0,1999-11-04,Mickey,Diehl-Steen,elia_schulze@yahoo.comField Tags
5D1XVQL5FZGZLZU8,1979-10-30,Latia,Sorenson,temple_granados97@hotmail.comField Tags
3RAFBP842MCFVDV3,2012-10-04,Eulah,Paxton,danialakers46196@hotmail.comField Tags
9INHQ8YKNPA1X93K,1995-12-29,Marianela,Sills,carly_leon@hotmail.comField Tags
8Z27EC6JKQC7SYT8,1975-04-11,Orpha,Randle,carey8@alice.comField Tags
UHGLET5RBQ2QFVMN,2010-12-02,Leoma,Ricci,roslyn_hudgins@yahoo.comField Tags
7Q69TJ184TE4G64Z,1976-09-18,Micah,Perez-Tyner,reginald-hardin@gmail.comField Tags
QKO8UPYK1Y5ZVTBZ,2010-07-02,Gidget,Dugger,willette-vanover88@pending.comField Tags
T1XALU2B98J97F9M,1988-12-18,Tamra,Draper,maryjane.jeter861@yahoo.comField Tags
GTYFPZQH1IF5ORBD,1999-05-24,Hillary,Gallant,kendall_villareal6@signed.comField Tags
RYN37GX87KMDPM06,1984-05-24,Merry,Reyes,forest47730@yahoo.comField Tags
C14R4KCSAX1LXIJ9,2016-04-05,Joleen,Roe,melvina.schaefer@phases.comField Tags
0P8H0MZQYPRY222Q,1990-07-12,Miguelina,Pitre,krystalfrederick9219@hotmail.comField Tags
RJUINHQE5NP3QJQ8,1971-03-16,Tawna,Hampton,hailey9@gmail.comField Tags
Q584RPHJ9B4X1J39,1989-10-19,Mitzie,Fabian,gayla.craft5646@hotmail.comField Tags
XYCK7JLBG2PIA3JE,2007-02-28,Cris,Freitas,latashia3577@gmail.comField Tags
3J9E5EY5TZU4R39Q,2012-07-14,Charmain,Byrnes,mignon-chow@fitness.boleslawiec.plField Tags
JGKTQVVN41LXTEBN,1995-06-12,Torrie,Najera,marcelina99245@steven.comField Tags
JEOEPRPGISJBXXCE,2002-11-09,Lillia,Crockett,alicahadden@ted.comField Tags
U2R5H0UT5PIO8C38,1980-06-10,Loise,Fort,andreas.toledo4@gmail.comField Tags
O1OURXHUTC0AOSOX,2001-02-16,Tanika,Sizemore,jason2@ethiopia.comField Tags
JZACBH57F7I0T5UQ,1978-07-16,Fredda,Barr,golden-alexander@fight.nanmoku.gunma.jpField Tags
XYYRQG9ATO869FBC,1970-10-07,Rae,Barnett,harmony.ashcraft08@accommodate.myeffect.netField Tags
F9UV9Q7T2F8ACVUI,2002-07-17,Rob,Messenger,albertina-mcneill6@hotmail.comField Tags
KEQTN13HZ4SY0PVQ,2012-05-14,Joslyn,Mayers,hiedi_godwin@compression.comField Tags
3H40ABDE9EKE0BQU,2001-06-27,Clarissa,Varner,bethany_calloway@hotmail.comField Tags
5HFO5SN2RRF7XUGA,2021-04-30,Chanda,Morey,ji4106@gmail.comField Tags
CX4B9ZCOMIPC13J1,2022-11-20,Breanne,Villegas,edwardo-loper169@confidentiality.comField Tags
Q4CGBUZ6BHFS3L7Z,1986-05-25,Willow,Hudspeth,song3114@finds.cesena-forli.itField Tags
G1QZJSNOJFEYAHFM,1993-02-09,Alysa,Stoddard,kathryne_clem@yahoo.comField Tags
H0DEE7C6JSLKR6ZH,1982-04-04,Elenor,Pickett,josef8752@clark.comField Tags
LL27QUMGBVDR22TB,1981-01-24,Catrina,Shirley,maryellen_navarrete382@gmail.comField Tags
A155XH1BI6E7MVT3,1972-05-01,Gregorio,Salley,madison-frizzell3@reject.comField Tags
FMTGAZ8ZQDYT6BL0,1990-11-25,Joan,Moffett,jewel7297@partners.comField Tags
8DTCRQRH50ZZ80M5,1991-08-17,Scot,Dunlap,tambralaws@yahoo.comField Tags
Q2ST0ZP37DD3OH1K,2001-11-30,Ulysses,Shay,stefan_galindo@tells.comField Tags
17NFPVPJBQ46V422,1983-09-29,Carman,Wickham,angila99@announcements.comField Tags
T4SLBDQO1GM6YHQ0,2020-11-12,Gary,Hill,reda-roberts@daughters.is-a-hard-worker.comField Tags
NLU7IOKA7YIJ3RZM,1993-07-25,Thea,Buford,verenacronin082@gmail.comField Tags
JPJHPQ64UXMP5X6P,2015-02-06,Casimira,Power,pa33@rd.comField Tags
CUPQBQZXQOAQ0LGU,1996-01-17,Rosaline,Truong,liz-merrill@pierre.ಭಾರತField Tags
HXUSQ0FY65KATDLQ,2020-04-09,Florida,Blackwood,santos_duvall160@outer.egersund.noField Tags
K5T8QU567MLH3S5T,2011-03-09,Jacquie,Groff,dakota.rector16@contributions.comField Tags
OHHIA8NES4LQNC6Q,1992-05-17,Dion,Medlock,winter51@yahoo.comField Tags
PTC9NZ6KR6B9AUB5,1999-10-25,Virgil,Vitale,denver8538@astronomy.comField Tags
COXH31FPDJM31SQU,1997-09-29,Danilo,Fuentes,shavonda98899@gmail.comField Tags
RYXT3QK4H51UL6Z5,2013-05-22,Nancey,Houle,earnest9964@somerset.comField Tags
3QOGLUTI021FYI7D,2019-07-22,Nicholle,Pemberton,jenine.payne54@si.comField Tags
I941NGPQU1XDD87Q,1973-05-07,Shawnta,Busby,beverley.gunn89306@gmail.comField Tags
H77RNTC7L267VSQQ,1984-02-17,Ellyn,Pressley,fiona_vann@mas.comField Tags
HB6F7384FIUK45P6,2023-05-03,Odessa,Sommer,lina.fawcett947@plaza.comField Tags
XG4BVRHK5KXVUCNA,2003-08-06,Pasquale,Lombardi,rosalind005@lets.comField Tags
3UZ07BT1U9CX574B,1970-03-10,Grover,Jaime,angla1893@pressing.comField Tags
1KCGKGX13EAVNVSJ,1975-09-03,June,Green,ling80@gmail.comField Tags
SIQ0BZDJEDU3999J,1984-10-30,Elane,Crenshaw,ernestine48906@gmail.comField Tags
6ZC327N8IJUAHOIL,1983-11-22,Sau,Mcnamara,katelinhussey32808@hotmail.comField Tags
FCLZ3HX8AQZEEMXO,2020-07-22,Sena,Trevino,maynard-calloway5@ic.voagat.noField Tags
B9OKX0OX4EQA9EY1,1996-06-07,Isabell,Mckinney,harriet845@yahoo.comField Tags
GPF534E0KN4YYL1B,1993-02-03,Kesha,Good-Flournoy,christiana08@rehabilitation.hepforge.orgField Tags
QR0LORE8UV65JEZ6,2009-03-25,Chet,Braun,aurelia_fogg@modification.comField Tags
PP590YQA4JXGXI0C,1993-03-25,Marcelene,Greathouse,glindaaponte9@yahoo.comField Tags
Q5LPKDRC23D6DC06,1975-04-22,Burt,Fife,gretchen9@gmail.comField Tags
1DXFOADOM8QZBMKQ,2010-05-01,Edna,Rodriguez,wendolyn_humphreys@specified.katashina.gunma.jpField Tags
GV6ER9UPBGCGOLCZ,1995-07-31,Chia,Kiefer,dreama3897@gmail.comField Tags
T2ISNZQEQ6T2GODI,1994-12-20,Keiko,Ferrell,rosetta988@spirituality.comField Tags
2QMJXG60ELHVU9UP,1976-05-07,Carli,Ruiz,boris.burden@permits.kitakata.miyazaki.jpField Tags
S3MQVUQXQHNDKG9H,1977-05-22,Marlin,Gunter,crista-hannon1606@hotmail.comField Tags
R92FQVNT3NHPG2DF,2005-06-29,Angelia,Kent,marta_loyd@dip.comField Tags
QPPCXO48IEDLKQO1,1978-07-14,Burma,Peachey,ernie.marsh1347@idol.comField Tags
RTXD1X0IB24J6QJA,1973-09-22,Arlette,Brito-Curley,sau8951@runtime.wazuka.kyoto.jpField Tags
D5ZF5ZFN8K7C9AFF,2020-08-31,Darwin,Villarreal,louise_lindstrom@gmail.comField Tags
1U7H1ET1M2SXNCVZ,2000-01-17,Leoma,Cardwell,nettie-bohannon94070@yahoo.comField Tags
26ZLXEY9FYJVAIAQ,1980-11-13,Maisie,Jessup,roselia.daley@hotmail.comField Tags
Q3YK9JQ6JQTKKKNB,1999-09-21,Suk,Gunn,nelida1392@imagination.comField Tags
OS3GM2IFR88QO4VC,2008-02-11,Shay,Steadman,winona55@yahoo.comField Tags
H1TNQQCI631VAGC6,2001-07-12,Merri,Hailey,mariam2@gmail.comField Tags
OLUOD86ZAKGCBFE8,2011-03-04,Jetta,Prichard,bob.lennon@yahoo.comField Tags
3F5UAZ7XCAP3Q5EH,2010-02-06,Elana,Frantz,kayleigh-croteau38432@gmail.comField Tags
99OB2P2U5IR4XOR6,1979-05-02,Wayne,Jean,freddie9976@vb.boleslawiec.plField Tags
7T0XAQS7NM95SEUV,2002-04-30,Lanie,Saldana,elise676@causing.comField Tags
D94QOGTXHS4UURAO,2012-11-06,Nicola,Lightfoot,nicoletteritter@gmail.comField Tags
9J59XG4CYMP5QQNB,2017-02-02,Mackenzie,Gallardo,johnie66@find.comField Tags
12DQXMEZZSDSDOYJ,1972-04-02,Hulda,Bateman-Murillo,tod6@gmail.comField Tags
4JHLXJG5Z0YY7FU8,2008-09-23,Gabriela,Brothers,sophianeuman@yahoo.comField Tags
GLLUUAGROZ1Z06J6,1974-11-29,Diamond,Yocum,salvatore-ohara-dell98949@controversial.comField Tags
CE0QCC8NUF83AH5L,2000-01-04,Sophie,Chambers,candace_spaulding7754@medline.comField Tags
6MPXS7M7AKZZ5FKG,1988-09-20,Stefany,Harwell,jenell5057@bulk.comField Tags
YQSC1E1F2HFTY93F,1977-06-06,Rogelio,Mcgowan,reina_scales2798@used.comField Tags
24SGV5MB2114HO2Q,1996-12-03,Jeanne,Riddick,laura-cothran3@hotmail.comField Tags
7PLN6L9TL3FL8OA2,2023-12-04,Leola,Button,azzie430@yahoo.comField Tags
G4HZH6GID95SH6PI,2007-02-04,Trish,Sparrow,meredithdarby3@gmail.comField Tags
OK9OQLLK0ZVU69VG,2017-05-07,Jenifer,Hooker,fairy1103@contain.cashField Tags
EKKNS3R42OZROQVM,1987-02-11,Xiao,Cable,dori.drury91@anime.comField Tags
KU3HZUQNRZP7KVHD,2018-07-19,Kenton,Sampson,erna-cohen-mcgrew@theoretical.kpField Tags
3AR6UD9GZ6QSX28M,2024-09-11,Delilah,Macleod,sandi-rosenberg3690@gmail.comField Tags
LO6H1Y2G7SA1065J,1995-07-03,Delphine,Starnes,emile-hyatt@gmail.comField Tags
Z1EZFATMURAQ6QBN,1974-02-12,Patrick,Arroyo,trisha7@style.comField Tags
213VZNNCVBZS6U6L,1986-11-19,Shella,Littlejohn,chanelle-martel30@gmail.comField Tags
K5AQCVAS52XOSJUT,1981-04-22,Rosalee,Carter,vernacrumpton-mccollum@determining.comField Tags
J8KIXBBEKNGSXREQ,1971-03-08,Sarah,Alexander,virgie.fletcher@hotmail.comField Tags
TUGA7GB2BLEMEP1L,1996-04-17,Tai,Keeler,melinda.holliman8710@commentary.comField Tags
FIZXYJV6QB1KFQ97,1996-05-17,Sunshine,Snead,cheri-stafford7@gmail.comField Tags
1XAFJH2DG5M4PSVP,2023-09-25,Ellen,Boudreaux,dorthy70@hotmail.comField Tags
9K6LFQZLUQ65E8PF,2016-07-28,Jovita,Valles,georgianne.aquino@faq.comField Tags
8K37789R1JGY64KB,1983-07-12,Perry,Turk,leanntreadway@point.comField Tags
AL8K7G5QG9ZIZA9U,1988-08-24,Vivienne,Feldman,mariko_jay2005@partnership.comField Tags
DXVVDIRUEOTH8G6Z,1993-07-16,Anthony,Knowlton,aliza_shoemaker4641@yahoo.comField Tags
G418QXFQ6TZXOE34,1988-04-02,Claribel,Rios,miquel_hanson31@hotmail.comField Tags
9CONQLPYYQ9D954B,2007-09-22,Mardell,Wick,diane-ramirez@patients.gateway.museumField Tags
7BC5QPXZP6KB31ZS,1972-07-30,Janett,Godfrey,becki-kingsbury31@postings.comField Tags
QE1T2CRR2OZCEN86,2001-03-08,Sandy,Nguyen,mariam-rhoades7@goat.comField Tags
